STD,F’S=0.1,F’S=0.2,F’S=0.8,F=0.3,F=1.2,F=1.8,I=0.1,I=0.2,I=0.8,E=0.1,E=0.3,E=0.4
0,0,0,0,0,0,0,0,0,0,0,0,0
57.65,80.6056266666668,80.78764,120.556093333334,34.252,72.242,119.022,126.4724,104.91864,170.49624,0,42.812,40.188
96.08,144.736418666667,142.545834666667,216.523645333333,54.33573,109.2404,180.8264,202.22888,174.685368,288.545488,0,60.2744,56.65893
119.296,194.756369066667,188.331668266667,292.191707733333,65.06955,125.18848,210.09168,255.370656,218.7764416,366.2645856,0,66.79595,62.19072
131.2252,233.695184213333,224.14847392,350.80349728,72.03306,133.87778,231.80562,286.3943072,242.23800192,407.85625472,0,74.12607,70.9246
143.45424,266.914270656,255.020335104,403.258134336,79.30585,152.20525,267.00146,308.97739264,259.796528704,437.652408064,0,90.42974,88.37773
160.08589,297.843850973867,286.170068471467,456.131419656533,90.28645,182.70861,321.48341,327.840739968,275.9125461248,463.8899725568,0,115.15649,115.01513
182.35803,328.82625099264,319.30638738176,513.40500413184,103.60379,226.87477,396.01897,345.7900265216,294.92945496576,493.31271612416,0,148.56258,150.56657
210.23878,361.989313726635,355.280264503979,576.265711424341,120.99672,282.30868,489.12248,364.00855329792,317.780040218112,526.248777736192,0,189.05581,192.07101
242.76936,397.156406277188,393.873637043814,642.38923644457,140.60544,347.32869,595.25029,383.432115963904,346.071539036774,563.74453877207,0,234.03568,239.74885
279.75163,433.890437334097,435.456420309557,710.915416240449,162.80576,419.71947,714.19655,404.852533852365,377.643955850978,605.154903301651,17.29891,282.66363,289.45197
321.2542,471.727995388925,478.647651470675,778.190023870338,187.30091,497.90163,840.71137,427.373329963256,412.06473897755,652.032128414744,38.22798,332.9852,341.2615
365.75117,511.364979877937,521.882454356048,846.327514688824,213.04,579.41622,975.10358,450.375572763123,447.343378965705,704.695646343282,60.67838,384.5751,393.03069
412.35107,553.383221720039,564.522994498677,915.068601045166,240.02018,664.55557,1114.58499,473.096180545275,485.571263588651,761.679794951607,84.00427,436.95739,444.47977
459.07045,598.281600319595,606.956063104279,985.611649813463,267.09737,753.28636,1260.65972,496.776750661678,525.848568510871,822.019328258978,107.30953,488.08516,496.05676
506.7343,645.059591074592,649.618118187258,1058.04714350506,294.77551,845.46039,1409.87094,521.052986241392,566.481606419905,883.894064642119,130.98576,539.25384,547.39531
554.31095,692.78953161217,693.111809591641,1130.83218533037,323.32658,936.94135,1558.62813,546.008347380616,607.457674986157,945.918918580217,154.98206,589.5798,599.57841
602.75905,740.355784537354,738.326292222445,1204.11429243375,351.77242,1025.87235,1702.92181,571.540666724402,649.631496281211,1008.51083664447,179.66656,640.1454,653.14941
651.164,786.230356563239,784.440593696152,1276.59238888616,380.90513,1113.35474,1843.03199,597.186202821004,693.401474253473,1072.76419104494,205.00272,690.65704,706.50023
698.63461,830.614521553451,830.543683850387,1347.50042959732,408.95418,1198.43742,1980.91276,623.199773909081,736.994234106939,1138.61324553788,230.45686,740.27249,759.8846
743.50972,871.636935623337,878.722495509307,1416.23032369669,436.99053,1285.85043,2121.31095,648.251595346015,779.950781672082,1204.33172731657,256.01492,788.29791,811.63163
787.57887,912.224251435358,926.000209205273,1480.17124399214,464.80761,1371.74957,2266.86674,674.104673851021,825.1826431558,1266.43323457089,281.01735,835.22608,863.52458
831.26772,951.176197411738,973.902180942915,1543.01074020443,494.31163,1459.812,2409.15754,700.523653839404,871.018324965579,1326.08323237749,305.22945,881.28346,917.25258
876.41932,990.298049769418,1020.4347846963,1607.05682350598,525.10918,1543.90431,2549.52686,727.400065538087,918.441833624274,1384.51953338968,329.17236,930.61391,969.44343
922.18741,1028.34814276957,1069.98169979451,1672.87593940875,554.96949,1630.63526,2683.05888,753.239143875501,963.77367171797,1440.79679315344,353.30336,977.89147,1020.09387
966.27134,1066.36386517446,1122.72893689816,1739.68031258294,582.96773,1712.99992,2820.43915,777.030241882716,1009.23474106845,1499.48150530862,379.96814,1025.34641,1067.59546
1011.04175,1104.06102825547,1178.95776733853,1804.55434373167,609.13945,1795.91904,2950.92161,800.710277151645,1053.79732255728,1557.47989969241,407.6773,1067.22624,1114.7592
1052.81262,1143.09893868599,1232.97031418067,1867.77935792959,635.6401,1874.67579,3081.39415,824.924503806876,1099.03405272515,1622.58452100021,435.60209,1108.2932,1161.49227
1094.12087,1183.07128672162,1287.62525630384,1927.27116699892,661.77458,1960.11097,3209.98515,852.765356191706,1145.88191505649,1684.78712413853,462.82888,1146.34922,1206.67163
1133.3367,1223.30400508152,1337.9747540969,1984.66453165237,692.23494,2043.24935,3343.29786,881.024371999718,1191.57683355633,1744.88656902774,489.65919,1185.70715,1253.65411
1172.14151,1260.90435169396,1389.44097541348,2039.04223306359,722.7539,2130.36406,3480.5786,909.080345638283,1238.60538972257,1795.70497863326,516.97061,1225.12327,1301.48648
1210.84564,1296.42429802176,1437.39811923541,2088.94177960986,754.41643,2209.31468,3612.49729,935.753343527601,1281.34608465578,1842.9125495322,543.34896,1268.47809,1348.04945
1247.64743,1328.51968994315,1486.82345892978,2137.24522920136,782.85273,2287.52775,3738.13718,961.603137833176,1322.34593487567,1890.57774563309,570.33692,1313.69894,1391.46185
1286.24862,1358.05409092632,1533.84528896637,2189.88182842891,810.0725,2359.66049,3873.54889,984.113696272154,1364.94604390629,1940.87829903306,597.56018,1357.41407,1432.79026
1323.42921,1386.97538284056,1579.12272291256,2243.50383819272,835.47038,2435.92965,4017.85921,1002.75576682107,1408.57603575639,2000.21544893323,625.65242,1399.3346,1475.73842
1363.08557,1416.91652142004,1620.99124237579,2298.28689332433,860.06058,2508.31003,4167.90362,1023.59029261864,1454.15805593254,2065.75098959326,651.11552,1436.99507,1518.4604
1404.05296,1448.39900751879,1660.32043305767,2354.27790630341,882.39152,2580.63994,4290.27457,1047.26361188795,1499.18645833779,2129.1355277053,675.52659,1475.8446,1559.52777
1445.6777,1477.91173245443,1703.18064175336,2412.59205325888,904.37575,2655.98199,4397.05764,1075.71518090131,1544.95454285406,2183.94554345971,700.70142,1514.67993,1600.68563
1482.99613,1509.23677466131,1746.62852162887,2471.51508524579,926.43879,2747.61638,4499.18844,1106.65615855785,1591.54184023837,2238.036454233,728.51826,1554.21691,1644.99735
1518.08477,1542.37966142315,1795.42613934312,2519.4418543676,948.51491,2852.41168,4598.37122,1139.28066789184,1634.07091661849,2291.64863953854,757.06719,1598.55804,1697.2246
1551.46618,1578.43858055022,1842.39390552773,2563.10114792268,970.54274,2953.39761,4714.53393,1169.65776528994,1672.77819137137,2343.13525875431,785.74012,1643.26699,1749.99906
1586.26019,1613.10827506134,1890.6009823075,2598.98702712472,991.16353,3033.55386,4824.90303,1195.04608663636,1706.96546159797,2385.17701965856,812.88443,1691.41034,1796.93273
1622.19527,1646.62333112231,1933.96928423372,2645.50739500948,1011.09325,3095.08229,4941.20939,1221.47117038526,1741.14037059387,2424.49069568258,842.04791,1736.64747,1844.67436
1659.54109,1676.8069479034,1970.97235997491,2691.77264442684,1030.87002,3158.41923,5044.74448,1245.08185140432,1777.07680643837,2458.14978306824,867.75947,1778.59023,1895.20942
1696.49727,1709.84068247181,2002.13330217506,2738.26443455393,1052.14466,3224.19231,5145.01278,1267.69300435792,1813.86907540645,2492.84633575016,895.38448,1825.29287,1955.39809
1725.75767,1741.07481940838,2035.03810576333,2775.01717579616,1074.48827,3294.61431,5239.37345,1284.06737115244,1844.14681636897,2531.26546376368,921.60179,1871.28862,2011.94283
1758.50099,1771.20506037604,2074.95858825434,2813.95541540335,1103.41192,3349.25332,5323.99925,1302.90447510207,1875.08681835508,2578.50259990278,948.67025,1921.69496,2072.82285
1796.60173,1798.02926929022,2114.0516454702,2858.09894490657,1129.73204,3409.06553,5403.09654,1325.5407692509,1906.23636694481,2625.9478527333,975.32741,1962.64205,2128.04114
1841.39545,1823.90664656231,2154.21476791947,2905.35971718832,1160.6316,3462.11244,5482.17823,1351.31540136038,1941.49853522447,2673.37211053693,1000.87601,2004.59524,2185.92651
1888.11914,1852.50470033064,2186.76806976468,2953.97861929741,1184.65714,3526.59436,5558.69663,1379.68228350999,1976.32416207202,2719.42508794279,1028.21789,2041.86808,2236.9594
1919.43344,1879.896,2204.892,2988.42046666667,1203.78667,3587.66655,5595.08256,1384.0434,1997.7478,2719.382,1037.71524,2070.34667,2270.53333
1946.21443,1920.84802666667,2237.12977333333,3030.74294666667,1233,3652.18255,5684.30466,1401.18576,2017.05676,2736.34404,1067.75956,2110.11733,2312.93467
1978.97662,1957.67876533333,2270.003328,3070.183776,1266.70933,3727.5484,5795.49838,1423.428232,2042.584552,2763.771448,1102.76728,2151.13813,2357.3816
1999.3864,1990.9013184,2303.85492693333,3102.79110453333,1302.29387,3780.43808,5945.58256,1445.0591984,2071.0099024,2793.3493376,1137.77836,2190.09643,2399.68459
2041.62168,2016.68931008,2336.81262432,3132.77406944,1326.88597,3851.5893,6092.13827,1464.82788608,2099.00453088,2821.12639712,1172.78223,2226.29225,2435.70124
2087.85162,2036.18075236267,2370.176483584,3158.33479479467,1348.1213,3936.89748,6233.66617,1487.505816896,2123.904526656,2845.477386944,1207.13512,2267.8564,2476.6985
2136.44466,2059.15530582187,2403.88079491413,3180.49086618027,1369.28679,4033.28935,6323.38289,1511.1291405952,2145.0634515072,2863.4929968128,1244.50647,2316.74173,2520.83461
2173.20926,2081.46983830357,2431.21309569963,3200.30289219499,1392.16695,4128.52937,6418.03181,1537.63939149824,2169.45523563264,2887.65231675136,1276.30132,2360.56496,2567.39462
2202.18078,2109.55632215842,2457.19308478942,3228.30917834172,1414.37608,4207.15574,6496.40494,1560.96010641869,2191.58337742797,2908.36930271283,1305.68456,2410.44,2605.13385
2228.62801,2134.4311920924,2484.30487609781,3268.82484077401,1429.26061,4297.22902,6597.10935,1583.07029958339,2219.47136261212,2934.04256389284,1329.47017,2456.77966,2640.39369
2254.11176,2166.5827961835,2518.57523217745,3310.60989715648,1445.946,4379.06895,6706.22486,1600.80448120042,2240.88258800802,2953.99261332114,1351.35395,2503.48927,2675.52684
2280.69795,2204.65742432185,2551.58366165505,3344.9307075861,1461.99332,4447.8516,6810.58884,1621.79135615676,2265.50843012403,2992.37327544279,1376.73782,2542.23245,2710.73877
2309.51194,2242.2573374344,2585.1874187665,3368.03588094851,1479.73987,4489.97611,6970.98474,1646.37156747143,2281.84584362641,3029.01741775277,1409.09135,2576.98968,2749.47446
2349.39198,2273.30624568458,2608.68118941764,3386.09107770692,1496.3653,4537.25754,7130.83672,1676.59898472564,2307.88649475009,3070.05837863912,1445.73884,2612.02309,2804.73065
2385.23078,2294.6766766238,2631.19669497016,3402.01248506442,1513.10637,4581.23873,7284.18629,1702.74051043941,2331.26610767531,3090.70139927839,1480.73904,2649.04789,2864.26235
2421.57455,2309.19987779501,2650.56988354423,3427.73913922093,1530.57967,4629.19125,7344.89266,1725.14629903301,2361.16016048508,3114.86019558349,1518.11858,2717.1262,2917.2866
2450.71107,2323.19193755043,2672.28228903621,3463.37075152374,1543.55587,4674.078,7355.42458,1741.70976189448,2380.83089363206,3148.24655897237,1551.24452,2782.54682,2957.13112
2481.60712,2345.58765640242,2693.10407451609,3507.0324048156,1555.11244,4731.54585,7367.97224,1764.8676121855,2406.98185082343,3185.05559091117,1584.59562,2862.4466,3001.97154
2528.51364,2370.8232121239,2712.95024604379,3536.56639126787,1564.08566,4788.51677,7403.10136,1788.083874816,2427.0021888911,3217.58666997671,1604.74103,2909.77735,3056.64187
2579.57415,2395.58213370526,2733.83450411198,3557.43485255003,1572.05829,4846.30452,7466.43672,1811.2966974003,2445.34444794291,3231.22469217757,1623.64033,2963.42346,3112.41068
2630.76756,2408.5496958325,2762.32325669782,3571.11667543025,1582.64746,4884.55626,7550.22962,1826.97651444326,2460.56096736679,3245.97851243086,1639.59927,2999.21883,3159.96518
2663.11834,2424.61165924089,2791.42119216196,3578.85406559606,1593.89315,4916.06416,7660.35527,1841.01104236871,2481.99272306195,3268.58488092169,1662.97092,3038.17379,3210.62984
2673.52718,2450.90623101468,2817.87919643862,3581.62924153859,1608.26012,4941.11608,7770.43898,1857.99391136239,2501.78837808576,3298.0909186705,1693.98704,3068.72386,3258.54034
2680.2791,2478.50353805111,2851.47438438678,3593.51375476026,1627.24932,4975.12805,7866.58085,1874.54739074622,2524.52386022954,3321.53139991844,1725.11459,3097.29153,3307.1887
2682.41126,2502.81124714649,2887.91568949842,3610.36435925977,1666.32056,5021.54083,7920.72596,1891.69666042173,2541.58608766306,3334.23670371779,1755.94333,3118.78174,3335.10047
2694.18807,2514.79825037285,2927.03498811037,3644.19204947067,1714.99931,5066.82578,7971.78336,1904.50921023359,2568.08362957852,3343.07586072723,1780.73458,3137.25999,3356.87917
2705.06987,2524.49052617054,2954.11910885509,3668.48970841276,1762.08264,5122.76532,8011.62387,1918.91957413106,2586.8695834483,3369.786752889,1807.25858,3149.45368,3375.68393
2736.00159,2540.11704864201,2983.80912605976,3694.81211157668,1792.30172,5174.81022,8070.20345,1951.78015687293,2621.18028260537,3398.37876272326,1838.02163,3152.1214,3398.33395
2767.26429,2571.02280829584,3010.44528698297,3715.64279066455,1815.62887,5226.40711,8145.18746,1987.7303462008,2657.19161321073,3457.41734312245,1870.47904,3154.62702,3420.55824
2813.10318,2605.73326472091,3033.77985594188,3739.08940711491,1832.07145,5254.63547,8223.30018,2032.68050061475,2696.60201916323,3500.61146116915,1902.02313,3159.32835,3440.46644
2845.82349,2637.44717460335,3048.7380019183,3757.58086622256,1848.0254,5269.30051,8288.51953,2061.2805693631,2721.57636647478,3546.26600085832,1923.17344,3161.90307,3474.22627
2887.73533,2655.59871453152,3061.26321157204,3767.42848133416,1861.5047,5264.9792,8331.68594,2088.59461399557,2749.1273171276,3556.0317324055,1942.61231,3175.62495,3533.22654
2918.26177,2669.70847116031,3068.21988269807,3768.95962951134,1879.12469,5276.04794,8388.96309,2104.14743667174,2775.31837672047,3557.50178665276,1967.03015,3199.41761,3590.64523
2944.94942,2678.83739713836,3076.10692552069,3766.75804883577,1891.81121,5292.99743,8470.25181,2117.09081013346,2810.86077876963,3549.49094381165,1990.00149,3238.38718,3628.06235
2975.09224,2684.5558003264,3087.05700164375,3772.12329566942,1909.87251,5315.60107,8551.06498,2127.62004936104,2835.30547109802,3552.69078609288,2014.52933,3261.33962,3635.69618
3011.95833,2694.92259949295,3100.70375876622,3791.7846955677,1928.22208,5331.3117,8604.08536,2137.5585718989,2856.68688997353,3555.59258598091,2042.92916,3282.79069,3646.77304
3053.56011,2705.0989732972,3122.65645874866,3815.62402491409,1956.03759,5359.37456,8639.05207,2146.43612425199,2863.96611221431,3561.41291441475,2069.61471,3302.4714,3670.11518
3087.85369,2715.68027455803,3142.72168350298,3841.64950409636,1974.8706,5405.12925,8666.34949,2154.38533923017,2871.58424043757,3550.78334007914,2091.03177,3333.03109,3704.93231
3116.83276,2724.11447623771,3164.70326845033,3858.97113246876,1989.86697,5447.69276,8688.80231,2163.04069269643,2879.57771053038,3543.15149089878,2113.40229,3380.94583,3738.43083
3151.98729,2735.85024349248,3176.81129705733,3880.39122064636,2005.23285,5454.6564,8698.65236,2173.21560638532,2907.81603019358,3556.33520619559,2136.90981,3443.10738,3760.2273
3192.31401,2752.82957061271,3186.15988643486,3900.01423062302,2020.37196,5453.96183,8707.31293,2184.47965981635,2932.72638814479,3597.60357941886,2162.63542,3508.12264,3772.48629
3227.61026,2770.64192282104,3205.09987669844,3916.39885025388,2037.53963,5453.21565,8714.41506,2195.16145324034,2956.97212366767,3651.36599712289,2175.23205,3550.35801,3820.36405
3247.73485,2800.08425868675,3231.73292595999,3929.24570950871,2042.53432,5473.5275,8734.06776,2205.66862261134,2983.77734236251,3688.58815530835,2186.14649,3578.40813,3820.32474
3257.81902,2825.20586296822,3264.20753386502,3929.34933861919,2054.16679,5485.74063,8761.71853,2215.74841517033,3039.25153320604,3708.62507048625,2194.74871,3596.66523,3873.22576
3267.46078,2851.64331766433,3286.97906529833,3934.66476962558,2065.09222,5506.74562,8798.37923,2224.60380755634,3099.95941511371,3717.82288515892,2201.80204,3610.52667,3932.13143
3293.20596,2860.68979612651,3300.41295983267,3948.93724831562,2078.07047,5541.28925,8821.54155,2231.97884454533,3140.44582966394,3722.93383112903,2209.53315,3620.61705,3992.6261
3315.28335,2878.59058275817,3307.2160450262,3966.72483025491,2087.8512,5588.59897,8825.90616,2257.53493042034,3161.55868895553,3720.27558325758,2216.84004,3629.34074,3920.10617
3335.94786,2893.5187024436,3308.53810763844,3978.29550904744,2097.33634,5640.76965,8833.41154,2292.31915499313,3175.67254372389,3712.44012287732,2235.84764,3643.63689,3948.03446
3344.09291,2915.7900854312,3307.94980603031,3979.95630483498,2108.99639,5694.43783,8831.23192,2339.61012404067,3194.19195764034,3702.39186290123,2256.74703,3658.62545,3945.12018
3349.56097,2931.50040680383,3305.52041020084,3980.45971979295,2118.28491,5750.49789,8843.00008,2377.87625808656,3202.52922495079,3690.30981688945,2288.74322,3677.33194,3949.98587
3361.56,2925.0078,3409.9322,4007.12086666667,2125.64,5829.23,8781.87779,2375.9598,3202.9984,3691.0124,2285.23126,3695.17333,3959.26667
3376.824,2936.05708,3437.14952,3997.01377333333,2131.508,5833.234,8840.12438,2383.60132,3187.156,3716.9932,2295.39456,3704.748,3956.86133
3404.9268,2945.37226933333,3456.097984,4034.53402133333,2137.71493,5812.1848,8864.32156,2395.686624,3174.35052,3740.08336,2313.84257,3710.4296,3951.3136
3428.80016,2957.81582986667,3483.5811408,4081.77265226667,2144.32992,5808.37576,8869.61272,2412.0979888,3186.698944,3766.227552,2338.4204,3715.54752,3946.72299
3613.09539,2987.91224650667,3512.04213162667,4152.25776138667,2150.36097,5841.40411,8861.50966,2435.92132256,3230.6295328,3790.4724224,2363.77648,3736.57409,3943.89532
3751.62911,3018.56357527467,3546.49362781867,4181.78850939733,2154.89018,5919.94797,8853.04648,2488.726262272,3283.46933536,3797.42223488,2382.26238,3800.46965,3952.14499
3763.6949,3049.7904576896,3571.97279188907,4216.4890141568,2157.40223,5998.86242,8834.73323,2545.9119169664,3321.315413632,3802.327171456,2401.28077,3863.58742,3966.6294
3787.6148,3058.56476659285,3598.12092394155,4229.52993137749,2156.87715,6051.75408,8827.57794,2598.77603584768,3329.3325897984,3807.8721212672,2413.13163,3912.72341,3968.77621
3864.81194,3079.16967152316,3625.67438316612,4238.00754910686,2153.27454,6069.8153,8824.98423,2660.48399056282,3329.21324068608,3801.68209854464,2424.25548,3919.7075,3973.50245
3868.13535,3092.5888476232,3635.4413680882,4228.92792276354,2158.91567,6067.60588,8834.63443,2718.08240528209,3320.21280609689,3794.42308396237,2429.95042,3922.99818,3968.74373
3846.83946,3104.74699716261,3653.4661235842,4246.23018770741,2165.65671,6096.67623,8834.44573,2776.62767916897,3309.09684935659,3776.87527650139,2448.66418,3921.85314,3979.6039
3822.94496,3100.0804622905,3674.59780500115,4265.49204876086,2178.33314,6141.84842,8808.33803,2797.09641689022,3295.0455710907,3759.07991209275,2468.69592,3923.54893,3993.22419
3828.50688,3094.08411855729,3714.98709238374,4287.84287396032,2183.61664,6216.49693,8858.57875,2811.74921921185,3282.56012408946,3737.29127771883,2489.49502,3933.85908,4027.38695
3833.34037,3085.04087616956,3762.91528614364,4277.3314112109,2191.94196,6271.96107,8875.00536,2815.9675272204,3270.67477903603,3717.82847796231,2497.16119,3944.9936,4020.8769
3843.21945,3093.17762561204,3810.70344903881,4261.54661703425,2222.79705,6320.8836,8828.53882,2817.21174928644,3261.2006206251,3716.24819113623,2538.90424,3950.01587,4059.80744
3849.26196,3102.97299368965,3863.47538703649,4239.9840323157,2252.76647,6351.06093,8869.73084,2820.09825530137,3250.12071993221,3722.02157381971,2583.83609,3942.04723,4036.89153
3848.54628,3117.99608386034,3900.52340721506,4218.25522320332,2283.6647,6360.78091,8948.07593,2823.22440091757,3256.81990811147,3761.54619299119,2630.47107,3930.32462,4049.96113
3838.41165,3116.82777551,3947.44406551698,4201.4696111038,2294.7049,6347.56037,9004.68335,2840.75693124379,3297.61976560873,3791.02979336218,2636.63443,3924.58637,4057.79187
3839.64159,3116.09473187407,3968.61780121307,4182.57339352809,2304.09259,6328.06026,9100.37386,2857.35466643228,3351.23357474404,3825.30143727067,2638.29411,3922.42753,4072.8386
3847.86065,3114.74112814348,3988.51468001268,4162.88102759304,2310.57816,6303.91612,9161.23344,2876.64671953521,3398.68230807056,3851.02448612656,2638.30871,3940.78145,4087.74743
3872.25045,3113.20446533684,3985.68146957848,4146.11131089089,2309.88615,6296.58728,9229.54346,2883.31867719351,3445.25281656292,3873.28142467944,2642.24356,3959.48713,4091.07187
3894.57222,3128.6864120294,3982.08620325157,4130.01022769679,2307.11153,6279.69268,9315.77738,2897.29747934575,3486.6426649267,3890.14542216121,2648.23345,3994.03238,4084.65186
3922.21453,3143.05813547325,3971.40784123267,4125.57740105087,2299.75154,6257.64799,9450.78617,2914.62963130784,3521.76073629792,3882.60560936814,2654.91814,4018.14923,4058.56608
3935.90735,3160.51420283386,3956.92178223018,4119.76728574953,2315.32461,6244.56013,9588.13471,2932.89782213071,3527.72432024491,3868.55444630587,2663.90337,4045.01499,4024.13159
3935.27438,3160.74776099476,3942.8368980259,4118.30269736008,2331.50056,6256.23362,9692.90618,2941.6278906877,3554.75465130856,3859.77425113481,2676.43736,4062.07818,4003.56087
3922.28635,3162.67968609906,3929.23870938455,4111.59175662192,2353.65037,6346.85075,9792.13018,2945.37154256369,3584.03143431071,3850.74597948812,2687.89115,4066.1973,4004.55982
3933.36214,3160.29011608543,3929.44476148209,4122.2206507964,2352.44885,6474.30887,9882.32927,2946.62428665027,3626.38885712385,3852.29028612459,2702.73817,4065.9671,4016.97881
3948.3797,3159.90658710357,3933.92033417333,4142.90890815033,2352.37184,6500.92393,9966.41389,2946.93356584279,3642.46369828692,3862.52349312254,2712.09897,4058.27821,4022.19573
3968.29837,3209.86796730446,3943.27599246442,4163.77233845601,2348.84947,6579.23856,9995.77063,2946.46397049862,3654.84015108215,3874.90699584943,2722.89053,4068.56106,4031.05624
3964.68561,3268.35287088161,3944.72823866088,4166.92400932127,2342.79626,6515.4245,9996.3589,2945.64990726828,3649.26040987381,3881.27033779439,2746.92091,4076.94652,4037.33839
3962.1468,3352.53012763721,3942.21781955839,4168.07702955545,2335.61448,6542.42461,9994.44791,2943.73717555338,3641.28175219119,3874.07170672876,2771.28529,4084.28018,4038.43359
3958.61648,3386.02655970376,3936.21485164386,4174.04796777534,2359.50081,6540.26182,9939.58336,2941.07581656432,3629.784072413,3866.22264890463,2795.66424,4110.22401,4049.77573
3956.60266,3416.7152974682,3929.74284090711,4181.06942613283,2396.17506,6527.22929,9969.52825,2940.02299842354,3620.32280492083,3861.60311112667,2803.11291,4160.67951,4069.32987
3962.09383,3419.28366476773,3934.40184517686,4184.2519054483,2442.68718,6521.19022,9923.24432,2939.28016299758,3610.24301546677,3857.63739200625,2815.42843,4228.4927,4075.30912
3959.8893,3456.05975244719,3954.43057721679,4179.33335964956,2469.59111,6550.1759,9912.27651,2939.10503228421,3607.62280407753,3859.7843406266,2824.63127,4270.94644,4074.6158
3954.04662,3492.59331010965,3976.69345781206,4175.48214635291,2487.47432,6580.06523,9933.32617,2938.27743905635,3607.33680390886,3857.62658652658,2831.68494,4288.0665,4085.20632
3939.43718,3541.0299058447,3995.51778033911,4168.95886120049,2498.76509,6593.94023,9897.64254,2938.44489426812,3643.14156159728,3857.34842543064,2832.88624,4286.18125,4107.18576
3932.44676,3564.20460319087,3999.35522096357,4230.58862817735,2494.59988,6586.29309,9931.11574,2942.49886666489,3678.58131310123,3852.81324239145,2835.38724,4297.29488,4104.76641
3936.72679,3584.95086180711,4009.87357359387,4298.98792454223,2486.35833,6580.63866,9943.07366,2945.73515218661,3717.44021493971,3854.24257356442,2837.32769,4308.67389,4101.3451
3941.38471,3646.83038633293,4014.05873224482,4375.60707054392,2475.74364,6547.37835,9927.85988,2948.2972037703,3727.51594560819,3849.52740319118,2837.06599,4326.83909,4105.64364
3946.07423,3697.56820962801,4019.82210116774,4387.04209235056,2485.90573,6502.2954,9931.50871,2984.04887119137,3731.55287210956,3847.35223535112,2838.90174,4326.74793,4123.48575
3934.44414,3750.75167919219,4013.34380668251,4388.88492591223,2500.54854,6539.92675,9946.79572,3032.46761499234,3729.59140354354,3844.77816770845,2845.36654,4318.2294,4140.11388
3918.65274,3748.5166044307,4005.51148823672,4380.54183031923,2517.57619,6593.63643,9964.38289,3091.11569723674,3737.45849513063,3845.71432061192,2868.17666,4310.77413,4147.74126
3898.56883,3744.20361672458,3995.88469898385,4366.92911124629,2513.44361,6539.80464,9964.15772,3116.8530624458,3743.28561973483,3868.80073766407,2900.28164,4300.11271,4166.65903
3895.49431,3731.65200423106,3986.69887744411,4352.6099483131,2505.55596,6493.48021,10028.93012,3131.93615193652,3755.73046297309,3892.09725165518,2937.06466,4302.28937,4191.50139
3905.76263,3719.37308419112,4002.40302195226,4335.92757191188,2495.95191,6456.94897,10073.13957,3137.43224287646,3757.08485654158,3914.66783786384,2964.14226,4301.32575,4126.25342
3930.60139,3707.98297768444,4037.77335321261,4318.87459737833,2489.25358,6437.67784,10147.53594,3147.16007896259,3760.25870390293,3910.77725790381,2981.56438,4300.43502,4164.30563
3935.32248,3701.88650570845,4081.86024836631,4298.45219385804,2488.72643,6428.21736,10142.85471,3155.44886436781,3756.61035208891,3932.31525915352,2998.01433,4284.06415,4168.26648
3937.14497,3697.65855224346,4118.69663166119,4278.41961850944,2488.68131,6423.78526,10156.83401,3168.42458076982,3749.63452080809,3958.80105762108,3014.45218,4264.32033,4169.81986
3918.12962,3694.51514477182,4143.41496216835,4257.37657535005,2493.09818,6417.6939,10149.49942,3174.05273897926,3742.36270310062,4015.14156779351,3035.72132,4234.19618,4166.12964
3853.77234,3706.0494,4111.64226666667,4307.2774,2469.87333,6435.13,10121.24232,3171.9208,3721.0504,3987.7308,3000.42532,4235.00667,4187.92
3863.45448,3691.85138666667,4103.15188,4308.21472,2472.30133,6531.944,10097.71218,3170.49572,3736.0878,3959.60456,3002.49355,4230.98133,4203.82267
3872.5956,3677.59945066667,4100.383136,4300.956184,2473.78693,6623.6068,10086.41316,3167.519704,3750.18128,3936.499312,3006.15616,4229.44293,4191.76987
3884.76072,3668.16212746667,4100.61330986667,4286.45460746667,2482.56965,6603.90216,10095.24832,3165.3054848,3752.373456,3914.1090144,3013.45292,4222.33019,4190.53984
3891.82126,3659.48227562667,4100.20292917333,4303.56458496,2488.22332,6585.19379,10143.95438,3160.58743776,3748.9145872,3900.50190528,3023.9949,4218.59996,4196.14994
3901.7664,3656.540173952,4095.30022114133,4323.55293181867,2505.31059,6550.21119,10191.16254,3156.118984512,3741.16324864,3887.552423936,3037.51257,4214.69803,4199.82596
3897.56753,3659.17978324907,4090.49027006293,4367.66726335573,2510.12545,6547.473,10234.14538,3151.7516844544,3730.549207168,3876.4451058432,3065.52449,4215.3716,4212.68318
3901.11679,3665.59195144021,4091.27307157419,4380.09846570155,2512.30588,6531.82884,10260.58359,3150.26053379328,3721.7701311616,3858.56974595584,3088.38041,4205.65926,4219.98983
3901.38686,3681.71030693786,4094.11764166076,4409.94957247812,2507.10493,6538.55237,10295.16779,3149.64084364954,3711.26750766592,3922.14121035981,3109.85398,4197.18484,4233.8226
3915.55073,3693.95441167561,4112.65511598032,4468.82470096927,2501.7675,6524.16824,10306.37228,3151.19667548855,3700.64916776551,4000.14243126312,3111.31988,4203.68082,4236.38382
3903.83752,3704.98023705603,4132.45619152821,4531.92728135614,2503.32649,6536.93612,10303.03001,3178.84590382762,3688.14497508629,4095.98496832458,3118.45777,4228.41846,4241.79595
3907.72765,3703.161556413,4156.23256816838,4584.30615646508,2500.03746,6513.41287,10253.10246,3210.53891586324,3680.62246857036,4116.81571991755,3135.57853,4260.19852,4235.12395
3904.46303,3698.62765202714,4171.71272527265,4588.81178089758,2506.69146,6492.3618,10192.24849,3247.93736393818,3702.33112873132,4125.84437764842,3150.78026,4280.0354,4234.40531
3919.08814,3690.88446835469,4183.60336535487,4590.6500141392,2504.43112,6461.64693,10103.79219,3256.74165596028,3729.36435946032,4118.0622595132,3153.34476,4289.89212,4240.72719
3915.96023,3683.70838407637,4201.2928581255,4585.78678567402,2506.77652,6415.99375,10075.83014,3260.83020397968,3758.24873763834,4127.46556743233,3144.84822,4286.83084,4230.18117
3930.25967,3681.16253048621,4216.99088469607,4575.83778662931,2500.79353,6371.52014,10013.04647,3281.90077198799,3761.65825941974,4132.8958053891,3145.36155,4279.72326,4224.40365
3942.89398,3690.89814291251,4235.59172189765,4570.49067446067,2497.99934,6321.59478,10019.29732,3304.91859519355,3765.63303941162,4149.11051456429,3145.76491,4264.82282,4223.0715
3960.58073,3712.04609467975,4250.72482798541,4565.63078555133,2489.44391,6314.31498,10084.39076,3331.30827343632,3762.96989976628,4143.04350399067,3149.09829,4254.75455,4216.71623
3951.94494,3740.99880751845,4260.24561664328,4563.88138533573,2508.04065,6305.17395,10038.45962,3334.05977372596,3759.87422783557,4135.36704371098,3146.19564,4242.49414,4216.91221
3944.65514,3766.88427377297,4265.7603955924,4559.00686084408,2527.71558,6317.48979,10078.39207,3337.63400943245,3751.54646552037,4114.40234954034,3145.88179,4239.0284,4220.28036
3930.87002,3803.10990959162,4262.6355091138,4552.0367425693,2552.63658,6351.12475,10009.59234,3338.34715663169,3744.47777867119,4110.83611865026,3149.93849,4237.54984,4228.65985
